ishikawa,tsuchiya,nishimura,mori,ogasawara,toriyama
1000,1000,1000,1000,1000,1000
1000,1000,1000,1000,1000,1000
1000,1000,1000,1000,1000,1000
1013.73,988,1002.03,1028.16,1000,1000
1013.73,976.15209716343,1004.00462426079,1055.38721891534,1013.6283685296,1000
1013.73,976.15209716343,1004.00462426079,1055.38721891534,1013.6283685296,1000
